s,Product Name,Image Link,Photo,"Product label
(3-5 Characters)",Category Name,Processes,"Weight 
(gm)","Cost Price
(Nrs)",HS CODE,Description,"Variations
Color Code",Tags,Product Image Website Link,"Product_image
(Drive Link)",Attribute,Additional Category,Occassion,Type,stock
1,5cm Gilter Heart,https://www.feltandyarn.com/14439-large_default/5cm-glitter-felt-heart.jpg,,GLITR,"--- Heart, Star & Rainbows","Wet Felting, Needling",,,5602.10.00,"It featues a heart shaped embelishment, distingusihned by the vibrant gilter finishes and tactile texture.",,,https://www.feltandyarn.com/heart-stars-rainbows/1654-16354-5cm-glitter-felt-heart.html#/932-glitter_color-g1,https://drive.google.com/drive/folders/1uapnJULzkEWNFtIREcL6YTn8GQ47OUa4?usp=drive_link,Base Color,,,,
2,4x5cm Heart with Crown,https://www.feltandyarn.com/17648-large_default/4x5cm-red-felted-heart.jpg,,CRON,"--- Heart, Star & Rainbows","Wet Felting, Needling",6.00,,5602.10.00,handcrafted felt heart with a contrasting yellow crown. the base is wet felted,,,https://www.feltandyarn.com/heart-stars-rainbows/1482-16548-4x5cm-red-felted-heart.html#/1106-craft_supplies_design-black_crown,https://drive.google.com/drive/folders/17OwZvJ2o8QnxTbF2Ug99_YJocbI13kIw?usp=drive_link,,,,,
3,5cm Pink Heart,https://www.feltandyarn.com/11973-large_default/5cm-felted-pink-heart.jpg,,PHRT,"--- Heart, Star & Rainbows","Wet Felting, Stitching",6.00,,5602.10.00,"Heart showcase the embelishment of two small, contrasting yellow felt star",,,https://www.feltandyarn.com/heart-stars-rainbows/1777-23535-5cm-felted-pink-heart.html#/396-package-50_pieces,https://drive.google.com/drive/folders/1u2656LsMDxf4dgnwThGT_DdJxJxDLNvF?usp=drive_link,,,,,
4,5cm Rainbow Heart,https://www.feltandyarn.com/4249-large_default/5cm-rainbow-felt-heart.jpg,,RHRT,"--- Heart, Star & Rainbows","Wet Felting, Needling",5.00,,5602.10.00,Heart has a base of soft white color and prominent stripes of the rainbow colors across its width. ,,,https://www.feltandyarn.com/heart-stars-rainbows/1570-34837-5cm-rainbow-felt-heart.html#/2107-craft_supplies_design-white_heart,https://drive.google.com/drive/folders/1krvGQH9aeUxBQw7bOsnO7xA_GF0UmBYR?usp=drive_link,,,,,
5,11cm Red Heart,https://www.feltandyarn.com/17637-large_default/11cm-red-embroidered-felt-heart.jpg,,RDHRT,"--- Heart, Star & Rainbows","Wet Felting, Stitching",3.00,,5602.10.00,It is primarily crafted from a vibrant red felt material and decorative white stitching. It has a distinctive design with a smaller rounded cutout in the center of heart. The white stitching serves as two purpose: outline the perimeter of heart and formed small star like patterns. A thin red ribbon attached on the top of heart.,,,https://www.feltandyarn.com/heart-stars-rainbows/1539-9020-11cm-red-embroidered-felt-heart.html#/388-package-10_pieces,https://drive.google.com/drive/folders/12dr_HSS9L4mWdIwdjISo2lx5x9W1lFz7?usp=drive_link,,,,,
6,4cm Heart ,https://www.feltandyarn.com/1398-large_default/4-5cm-multicolor-felt-heart.jpg,,4CM,"--- Heart, Star & Rainbows","Wet Felting, Needling",4.00,,5602.10.00,"heart is solid colored and has a soft, plump and slightly textured surface typical of felt crafts.",Base Color,,https://www.feltandyarn.com/heart-stars-rainbows/1260-12304-4-5cm-multicolor-felt-heart.html#/825-color-white_1,https://drive.google.com/drive/folders/1e46fvG1lrvV6AfQeRVk_zQRgeIK9GK8E?usp=drive_link,,,,,
7,4cm Star,https://www.feltandyarn.com/2384-large_default/4-5cm-colorful-felted-stars.jpg,,4STR,"--- Heart, Star & Rainbows",Wet Felting,4.00,,5602.10.00,Star base is wet felted. It has five pointed star shapes.,Base Color,,https://www.feltandyarn.com/heart-stars-rainbows/1363-14542-4-5cm-colorful-felted-stars.html#/825-color-white_1,https://drive.google.com/drive/folders/1ZH4WmvpQXxW0w60nAhDrrN7u8THHYs0g?usp=drive_link,,,,,
8,5cm Glitter Star,https://www.feltandyarn.com/14480-large_default/5cm-glitter-felt-star.jpg,,GLTR,"--- Heart, Star & Rainbows",Wet Felting,3.00,,5602.10.00,"The design is the heavy coating of sparkling glitter that completely covers each piece, giving them a vibrant,textured, and reflective finish.",Base Color,,https://www.feltandyarn.com/heart-stars-rainbows/1757-16374-5cm-glitter-felt-star.html#/932-glitter_color-g1,https://drive.google.com/drive/folders/1M2cq7fxYY5exRTYfFfEZos_BQcEwdefs?usp=drive_link,,,,,
9,6cm Beaded Star,https://www.feltandyarn.com/9946-large_default/6cm-christmas-beaded-felt-star.jpg,,BEADS,"--- Heart, Star & Rainbows","Wet Felting, Needling",4.00,,5602.10.00,"It is crafted from felted wool in a bright, solid yellow. A small string of tiny colored seed beads is sewn near the edges of the star's points.",,,https://www.feltandyarn.com/heart-stars-rainbows/2117-19902-6cm-christmas-beaded-felt-star.html#/391-package-25_pieces,,,,Christmas,,
10,7x6cm Rainbow,https://www.feltandyarn.com/14010-large_default/7x6cm-wool-felt-rainbows.jpg,,7RAINB,"--- Heart, Star & Rainbows","Wet Felting, Needling",9.00,,5602.10.00,"The handcrafted felt rainbow, made with vibrant colorful layers.The rainbow featues five or six distinct colors.",Rainbow color,,https://www.feltandyarn.com/heart-stars-rainbows/1532-31446-7x6cm-wool-felt-rainbows.html#/390-package-20_pieces,https://drive.google.com/drive/folders/1lTwESjVvyS8B_K_nm5P59TQkwGEG7Fl3?usp=drive_link,,,,,
11,,,,,,,,,5602.10.00,,,,,,,,,,
12,,,,,,,,,5602.10.00,,,,,,,,,,
13,,,,,,,,,5602.10.00,,,,,,,,,,
14,,,,,,,,,5602.10.00,,,,,,,,,,
15,,,,,,,,,5602.10.00,,,,,,,,,,
16,,,,,,,,,5602.10.00,,,,,,,,,,
17,,,,,,,,,5602.10.00,,,,,,,,,,
18,,,,,,,,,5602.10.00,,,,,,,,,,
19,,,,,,,,,5602.10.00,,,,,,,,,,
20,,,,,,,,,5602.10.00,,,,,,,,,,
21,,,,,,,,,5602.10.00,,,,,,,,,,
22,,,,,,,,,5602.10.00,,,,,,,,,,
23,,,,,,,,,5602.10.00,,,,,,,,,,
24,,,,,,,,,5602.10.00,,,,,,,,,,
25,,,,,,,,,5602.10.00,,,,,,,,,,
26,,,,,,,,,5602.10.00,,,,,,,,,,
27,,,,,,,,,5602.10.00,,,,,,,,,,
28,,,,,,,,,5602.10.00,,,,,,,,,,
29,,,,,,,,,5602.10.00,,,,,,,,,,
30,,,,,,,,,5602.10.00,,,,,,,,,,
31,,,,,,,,,5602.10.00,,,,,,,,,,
32,,,,,,,,,5602.10.00,,,,,,,,,,
33,,,,,,,,,5602.10.00,,,,,,,,,,
34,,,,,,,,,5602.10.00,,,,,,,,,,
35,,,,,,,,,5602.10.00,,,,,,,,,,
36,,,,,,,,,5602.10.00,,,,,,,,,,
37,,,,,,,,,5602.10.00,,,,,,,,,,
38,,,,,,,,,5602.10.00,,,,,,,,,,
39,,,,,,,,,5602.10.00,,,,,,,,,,
40,,,,,,,,,5602.10.00,,,,,,,,,,
41,,,,,,,,,5602.10.00,,,,,,,,,,
42,,,,,,,,,5602.10.00,,,,,,,,,,
43,,,,,,,,,5602.10.00,,,,,,,,,,
44,,,,,,,,,5602.10.00,,,,,,,,,,
45,,,,,,,,,5602.10.00,,,,,,,,,,
46,,,,,,,,,5602.10.00,,,,,,,,,,
47,,,,,,,,,5602.10.00,,,,,,,,,,
48,,,,,,,,,5602.10.00,,,,,,,,,,
49,,,,,,,,,5602.10.00,,,,,,,,,,
50,,,,,,,,,5602.10.00,,,,,,,,,,
51,,,,,,,,,5602.10.00,,,,,,,,,,
52,,,,,,,,,5602.10.00,,,,,,,,,,
53,,,,,,,,,5602.10.00,,,,,,,,,,
54,,,,,,,,,5602.10.00,,,,,,,,,,
55,,,,,,,,,5602.10.00,,,,,,,,,,
56,,,,,,,,,5602.10.00,,,,,,,,,,
57,,,,,,,,,5602.10.00,,,,,,,,,,
58,,,,,,,,,5602.10.00,,,,,,,,,,
59,,,,,,,,,5602.10.00,,,,,,,,,,
60,,,,,,,,,5602.10.00,,,,,,,,,,
61,,,,,,,,,5602.10.00,,,,,,,,,,
62,,,,,,,,,5602.10.00,,,,,,,,,,
63,,,,,,,,,5602.10.00,,,,,,,,,,
64,,,,,,,,,5602.10.00,,,,,,,,,,
65,,,,,,,,,5602.10.00,,,,,,,,,,
66,,,,,,,,,5602.10.00,,,,,,,,,,
67,,,,,,,,,5602.10.00,,,,,,,,,,
68,,,,,,,,,5602.10.00,,,,,,,,,,
69,,,,,,,,,5602.10.00,,,,,,,,,,
70,,,,,,,,,5602.10.00,,,,,,,,,,
71,,,,,,,,,5602.10.00,,,,,,,,,,
72,,,,,,,,,5602.10.00,,,,,,,,,,
73,,,,,,,,,5602.10.00,,,,,,,,,,
74,,,,,,,,,5602.10.00,,,,,,,,,,
75,,,,,,,,,5602.10.00,,,,,,,,,,
76,,,,,,,,,5602.10.00,,,,,,,,,,
77,,,,,,,,,5602.10.00,,,,,,,,,,
78,,,,,,,,,5602.10.00,,,,,,,,,,
79,,,,,,,,,5602.10.00,,,,,,,,,,
80,,,,,,,,,5602.10.00,,,,,,,,,,
81,,,,,,,,,5602.10.00,,,,,,,,,,
82,,,,,,,,,5602.10.00,,,,,,,,,,
83,,,,,,,,,5602.10.00,,,,,,,,,,
84,,,,,,,,,5602.10.00,,,,,,,,,,
85,,,,,,,,,5602.10.00,,,,,,,,,,
86,,,,,,,,,5602.10.00,,,,,,,,,,
87,,,,,,,,,5602.10.00,,,,,,,,,,
88,,,,,,,,,5602.10.00,,,,,,,,,,
89,,,,,,,,,5602.10.00,,,,,,,,,,
90,,,,,,,,,5602.10.00,,,,,,,,,,
91,,,,,,,,,5602.10.00,,,,,,,,,,
92,,,,,,,,,5602.10.00,,,,,,,,,,
93,,,,,,,,,5602.10.00,,,,,,,,,,
94,,,,,,,,,5602.10.00,,,,,,,,,,
95,,,,,,,,,5602.10.00,,,,,,,,,,
96,,,,,,,,,5602.10.00,,,,,,,,,,
97,,,,,,,,,5602.10.00,,,,,,,,,,
98,,,,,,,,,5602.10.00,,,,,,,,,,
99,,,,,,,,,5602.10.00,,,,,,,,,,
100,,,,,,,,,5602.10.00,,,,,,,,,,
101,,,,,,,,,5602.10.00,,,,,,,,,,
102,,,,,,,,,5602.10.00,,,,,,,,,,
103,,,,,,,,,5602.10.00,,,,,,,,,,
104,,,,,,,,,5602.10.00,,,,,,,,,,
105,,,,,,,,,5602.10.00,,,,,,,,,,
106,,,,,,,,,5602.10.00,,,,,,,,,,
107,,,,,,,,,5602.10.00,,,,,,,,,,
108,,,,,,,,,5602.10.00,,,,,,,,,,
109,,,,,,,,,5602.10.00,,,,,,,,,,
110,,,,,,,,,5602.10.00,,,,,,,,,,
111,,,,,,,,,5602.10.00,,,,,,,,,,
112,,,,,,,,,5602.10.00,,,,,,,,,,
113,,,,,,,,,5602.10.00,,,,,,,,,,
114,,,,,,,,,5602.10.00,,,,,,,,,,
115,,,,,,,,,5602.10.00,,,,,,,,,,
116,,,,,,,,,5602.10.00,,,,,,,,,,
117,,,,,,,,,5602.10.00,,,,,,,,,,
118,,,,,,,,,5602.10.00,,,,,,,,,,
119,,,,,,,,,5602.10.00,,,,,,,,,,
120,,,,,,,,,5602.10.00,,,,,,,,,,
121,,,,,,,,,5602.10.00,,,,,,,,,,
122,,,,,,,,,5602.10.00,,,,,,,,,,
123,,,,,,,,,5602.10.00,,,,,,,,,,
124,,,,,,,,,5602.10.00,,,,,,,,,,
125,,,,,,,,,5602.10.00,,,,,,,,,,
126,,,,,,,,,5602.10.00,,,,,,,,,,
127,,,,,,,,,5602.10.00,,,,,,,,,,
128,,,,,,,,,5602.10.00,,,,,,,,,,
129,,,,,,,,,5602.10.00,,,,,,,,,,
130,,,,,,,,,5602.10.00,,,,,,,,,,
131,,,,,,,,,5602.10.00,,,,,,,,,,
132,,,,,,,,,5602.10.00,,,,,,,,,,
133,,,,,,,,,5602.10.00,,,,,,,,,,
134,,,,,,,,,5602.10.00,,,,,,,,,,
135,,,,,,,,,5602.10.00,,,,,,,,,,
136,,,,,,,,,5602.10.00,,,,,,,,,,
137,,,,,,,,,5602.10.00,,,,,,,,,,
138,,,,,,,,,5602.10.00,,,,,,,,,,
139,,,,,,,,,5602.10.00,,,,,,,,,,
140,,,,,,,,,5602.10.00,,,,,,,,,,
141,,,,,,,,,5602.10.00,,,,,,,,,,
142,,,,,,,,,5602.10.00,,,,,,,,,,
143,,,,,,,,,5602.10.00,,,,,,,,,,
144,,,,,,,,,5602.10.00,,,,,,,,,,
145,,,,,,,,,5602.10.00,,,,,,,,,,
146,,,,,,,,,5602.10.00,,,,,,,,,,
147,,,,,,,,,5602.10.00,,,,,,,,,,
148,,,,,,,,,5602.10.00,,,,,,,,,,
149,,,,,,,,,5602.10.00,,,,,,,,,,
150,,,,,,,,,5602.10.00,,,,,,,,,,
151,,,,,,,,,5602.10.00,,,,,,,,,,
152,,,,,,,,,5602.10.00,,,,,,,,,,
153,,,,,,,,,5602.10.00,,,,,,,,,,
154,,,,,,,,,5602.10.00,,,,,,,,,,
155,,,,,,,,,5602.10.00,,,,,,,,,,
156,,,,,,,,,5602.10.00,,,,,,,,,,
157,,,,,,,,,5602.10.00,,,,,,,,,,
158,,,,,,,,,5602.10.00,,,,,,,,,,
159,,,,,,,,,5602.10.00,,,,,,,,,,
160,,,,,,,,,5602.10.00,,,,,,,,,,
161,,,,,,,,,5602.10.00,,,,,,,,,,
162,,,,,,,,,5602.10.00,,,,,,,,,,
163,,,,,,,,,5602.10.00,,,,,,,,,,
164,,,,,,,,,5602.10.00,,,,,,,,,,
165,,,,,,,,,5602.10.00,,,,,,,,,,
166,,,,,,,,,5602.10.00,,,,,,,,,,
167,,,,,,,,,5602.10.00,,,,,,,,,,
168,,,,,,,,,5602.10.00,,,,,,,,,,
169,,,,,,,,,5602.10.00,,,,,,,,,,
170,,,,,,,,,5602.10.00,,,,,,,,,,
171,,,,,,,,,5602.10.00,,,,,,,,,,
172,,,,,,,,,5602.10.00,,,,,,,,,,
173,,,,,,,,,5602.10.00,,,,,,,,,,
174,,,,,,,,,5602.10.00,,,,,,,,,,
175,,,,,,,,,5602.10.00,,,,,,,,,,
176,,,,,,,,,5602.10.00,,,,,,,,,,
177,,,,,,,,,5602.10.00,,,,,,,,,,
178,,,,,,,,,5602.10.00,,,,,,,,,,
179,,,,,,,,,5602.10.00,,,,,,,,,,
180,,,,,,,,,5602.10.00,,,,,,,,,,
181,,,,,,,,,5602.10.00,,,,,,,,,,
182,,,,,,,,,5602.10.00,,,,,,,,,,
183,,,,,,,,,5602.10.00,,,,,,,,,,
184,,,,,,,,,5602.10.00,,,,,,,,,,
185,,,,,,,,,5602.10.00,,,,,,,,,,
186,,,,,,,,,5602.10.00,,,,,,,,,,
187,,,,,,,,,5602.10.00,,,,,,,,,,
188,,,,,,,,,5602.10.00,,,,,,,,,,
189,,,,,,,,,5602.10.00,,,,,,,,,,
190,,,,,,,,,5602.10.00,,,,,,,,,,
191,,,,,,,,,5602.10.00,,,,,,,,,,
192,,,,,,,,,5602.10.00,,,,,,,,,,
193,,,,,,,,,5602.10.00,,,,,,,,,,
194,,,,,,,,,5602.10.00,,,,,,,,,,
195,,,,,,,,,5602.10.00,,,,,,,,,,
196,,,,,,,,,5602.10.00,,,,,,,,,,
197,,,,,,,,,5602.10.00,,,,,,,,,,
198,,,,,,,,,5602.10.00,,,,,,,,,,
199,,,,,,,,,5602.10.00,,,,,,,,,,
200,,,,,,,,,5602.10.00,,,,,,,,,,
201,,,,,,,,,5602.10.00,,,,,,,,,,
202,,,,,,,,,5602.10.00,,,,,,,,,,
203,,,,,,,,,5602.10.00,,,,,,,,,,
204,,,,,,,,,5602.10.00,,,,,,,,,,
205,,,,,,,,,5602.10.00,,,,,,,,,,
206,,,,,,,,,5602.10.00,,,,,,,,,,
207,,,,,,,,,5602.10.00,,,,,,,,,,
208,,,,,,,,,5602.10.00,,,,,,,,,,
209,,,,,,,,,5602.10.00,,,,,,,,,,
210,,,,,,,,,5602.10.00,,,,,,,,,,
211,,,,,,,,,5602.10.00,,,,,,,,,,
212,,,,,,,,,5602.10.00,,,,,,,,,,
213,,,,,,,,,5602.10.00,,,,,,,,,,
214,,,,,,,,,5602.10.00,,,,,,,,,,
215,,,,,,,,,5602.10.00,,,,,,,,,,
216,,,,,,,,,5602.10.00,,,,,,,,,,
217,,,,,,,,,5602.10.00,,,,,,,,,,
218,,,,,,,,,5602.10.00,,,,,,,,,,
219,,,,,,,,,5602.10.00,,,,,,,,,,
220,,,,,,,,,5602.10.00,,,,,,,,,,
221,,,,,,,,,5602.10.00,,,,,,,,,,
222,,,,,,,,,5602.10.00,,,,,,,,,,
223,,,,,,,,,5602.10.00,,,,,,,,,,
224,,,,,,,,,5602.10.00,,,,,,,,,,
225,,,,,,,,,5602.10.00,,,,,,,,,,
226,,,,,,,,,5602.10.00,,,,,,,,,,
227,,,,,,,,,5602.10.00,,,,,,,,,,
228,,,,,,,,,5602.10.00,,,,,,,,,,
229,,,,,,,,,5602.10.00,,,,,,,,,,
230,,,,,,,,,5602.10.00,,,,,,,,,,
231,,,,,,,,,5602.10.00,,,,,,,,,,
232,,,,,,,,,5602.10.00,,,,,,,,,,
233,,,,,,,,,5602.10.00,,,,,,,,,,
234,,,,,,,,,5602.10.00,,,,,,,,,,
235,,,,,,,,,5602.10.00,,,,,,,,,,
236,,,,,,,,,5602.10.00,,,,,,,,,,
237,,,,,,,,,5602.10.00,,,,,,,,,,
238,,,,,,,,,5602.10.00,,,,,,,,,,
239,,,,,,,,,5602.10.00,,,,,,,,,,
240,,,,,,,,,5602.10.00,,,,,,,,,,
241,,,,,,,,,5602.10.00,,,,,,,,,,
242,,,,,,,,,5602.10.00,,,,,,,,,,
243,,,,,,,,,5602.10.00,,,,,,,,,,
244,,,,,,,,,5602.10.00,,,,,,,,,,
245,,,,,,,,,5602.10.00,,,,,,,,,,
246,,,,,,,,,5602.10.00,,,,,,,,,,
247,,,,,,,,,5602.10.00,,,,,,,,,,
248,,,,,,,,,5602.10.00,,,,,,,,,,
249,,,,,,,,,5602.10.00,,,,,,,,,,
250,,,,,,,,,5602.10.00,,,,,,,,,,
251,,,,,,,,,5602.10.00,,,,,,,,,,
252,,,,,,,,,5602.10.00,,,,,,,,,,
253,,,,,,,,,5602.10.00,,,,,,,,,,
254,,,,,,,,,5602.10.00,,,,,,,,,,
255,,,,,,,,,5602.10.00,,,,,,,,,,
256,,,,,,,,,5602.10.00,,,,,,,,,,
257,,,,,,,,,5602.10.00,,,,,,,,,,
258,,,,,,,,,5602.10.00,,,,,,,,,,
259,,,,,,,,,5602.10.00,,,,,,,,,,
260,,,,,,,,,5602.10.00,,,,,,,,,,
261,,,,,,,,,5602.10.00,,,,,,,,,,
262,,,,,,,,,5602.10.00,,,,,,,,,,
263,,,,,,,,,5602.10.00,,,,,,,,,,
264,,,,,,,,,5602.10.00,,,,,,,,,,
265,,,,,,,,,5602.10.00,,,,,,,,,,
266,,,,,,,,,5602.10.00,,,,,,,,,,
267,,,,,,,,,5602.10.00,,,,,,,,,,
268,,,,,,,,,5602.10.00,,,,,,,,,,
269,,,,,,,,,5602.10.00,,,,,,,,,,
270,,,,,,,,,5602.10.00,,,,,,,,,,
271,,,,,,,,,5602.10.00,,,,,,,,,,
272,,,,,,,,,5602.10.00,,,,,,,,,,
273,,,,,,,,,5602.10.00,,,,,,,,,,
274,,,,,,,,,5602.10.00,,,,,,,,,,
275,,,,,,,,,5602.10.00,,,,,,,,,,
276,,,,,,,,,5602.10.00,,,,,,,,,,
277,,,,,,,,,5602.10.00,,,,,,,,,,
278,,,,,,,,,5602.10.00,,,,,,,,,,
279,,,,,,,,,5602.10.00,,,,,,,,,,
280,,,,,,,,,5602.10.00,,,,,,,,,,
281,,,,,,,,,5602.10.00,,,,,,,,,,
282,,,,,,,,,5602.10.00,,,,,,,,,,
283,,,,,,,,,5602.10.00,,,,,,,,,,
284,,,,,,,,,5602.10.00,,,,,,,,,,
285,,,,,,,,,5602.10.00,,,,,,,,,,
286,,,,,,,,,5602.10.00,,,,,,,,,,
287,,,,,,,,,5602.10.00,,,,,,,,,,
288,,,,,,,,,5602.10.00,,,,,,,,,,
289,,,,,,,,,5602.10.00,,,,,,,,,,
290,,,,,,,,,5602.10.00,,,,,,,,,,
291,,,,,,,,,5602.10.00,,,,,,,,,,
292,,,,,,,,,5602.10.00,,,,,,,,,,
293,,,,,,,,,5602.10.00,,,,,,,,,,
294,,,,,,,,,5602.10.00,,,,,,,,,,
295,,,,,,,,,5602.10.00,,,,,,,,,,
296,,,,,,,,,5602.10.00,,,,,,,,,,
297,,,,,,,,,5602.10.00,,,,,,,,,,
298,,,,,,,,,5602.10.00,,,,,,,,,,
299,,,,,,,,,5602.10.00,,,,,,,,,,
300,,,,,,,,,5602.10.00,,,,,,,,,,
301,,,,,,,,,5602.10.00,,,,,,,,,,
302,,,,,,,,,5602.10.00,,,,,,,,,,
303,,,,,,,,,5602.10.00,,,,,,,,,,
304,,,,,,,,,5602.10.00,,,,,,,,,,
305,,,,,,,,,5602.10.00,,,,,,,,,,
306,,,,,,,,,5602.10.00,,,,,,,,,,
307,,,,,,,,,5602.10.00,,,,,,,,,,
308,,,,,,,,,5602.10.00,,,,,,,,,,
309,,,,,,,,,5602.10.00,,,,,,,,,,
310,,,,,,,,,5602.10.00,,,,,,,,,,
311,,,,,,,,,5602.10.00,,,,,,,,,,
312,,,,,,,,,5602.10.00,,,,,,,,,,
313,,,,,,,,,5602.10.00,,,,,,,,,,
314,,,,,,,,,5602.10.00,,,,,,,,,,
315,,,,,,,,,5602.10.00,,,,,,,,,,
316,,,,,,,,,5602.10.00,,,,,,,,,,
317,,,,,,,,,5602.10.00,,,,,,,,,,
318,,,,,,,,,5602.10.00,,,,,,,,,,
319,,,,,,,,,5602.10.00,,,,,,,,,,
320,,,,,,,,,5602.10.00,,,,,,,,,,
321,,,,,,,,,5602.10.00,,,,,,,,,,
322,,,,,,,,,5602.10.00,,,,,,,,,,
323,,,,,,,,,5602.10.00,,,,,,,,,,
324,,,,,,,,,5602.10.00,,,,,,,,,,
325,,,,,,,,,5602.10.00,,,,,,,,,,
326,,,,,,,,,5602.10.00,,,,,,,,,,
327,,,,,,,,,5602.10.00,,,,,,,,,,
328,,,,,,,,,5602.10.00,,,,,,,,,,
329,,,,,,,,,5602.10.00,,,,,,,,,,
330,,,,,,,,,5602.10.00,,,,,,,,,,
331,,,,,,,,,5602.10.00,,,,,,,,,,
332,,,,,,,,,5602.10.00,,,,,,,,,,
333,,,,,,,,,5602.10.00,,,,,,,,,,
334,,,,,,,,,5602.10.00,,,,,,,,,,
335,,,,,,,,,5602.10.00,,,,,,,,,,
336,,,,,,,,,5602.10.00,,,,,,,,,,
337,,,,,,,,,5602.10.00,,,,,,,,,,
338,,,,,,,,,5602.10.00,,,,,,,,,,
339,,,,,,,,,5602.10.00,,,,,,,,,,
340,,,,,,,,,5602.10.00,,,,,,,,,,
341,,,,,,,,,5602.10.00,,,,,,,,,,
342,,,,,,,,,5602.10.00,,,,,,,,,,
343,,,,,,,,,5602.10.00,,,,,,,,,,
344,,,,,,,,,5602.10.00,,,,,,,,,,
345,,,,,,,,,5602.10.00,,,,,,,,,,
346,,,,,,,,,5602.10.00,,,,,,,,,,
347,,,,,,,,,5602.10.00,,,,,,,,,,
348,,,,,,,,,5602.10.00,,,,,,,,,,
349,,,,,,,,,5602.10.00,,,,,,,,,,
350,,,,,,,,,5602.10.00,,,,,,,,,,
351,,,,,,,,,5602.10.00,,,,,,,,,,
352,,,,,,,,,5602.10.00,,,,,,,,,,
353,,,,,,,,,5602.10.00,,,,,,,,,,
354,,,,,,,,,5602.10.00,,,,,,,,,,
355,,,,,,,,,5602.10.00,,,,,,,,,,
356,,,,,,,,,5602.10.00,,,,,,,,,,
357,,,,,,,,,5602.10.00,,,,,,,,,,
358,,,,,,,,,5602.10.00,,,,,,,,,,
359,,,,,,,,,5602.10.00,,,,,,,,,,
360,,,,,,,,,5602.10.00,,,,,,,,,,
361,,,,,,,,,5602.10.00,,,,,,,,,,
362,,,,,,,,,5602.10.00,,,,,,,,,,
363,,,,,,,,,5602.10.00,,,,,,,,,,
364,,,,,,,,,5602.10.00,,,,,,,,,,
365,,,,,,,,,5602.10.00,,,,,,,,,,
366,,,,,,,,,5602.10.00,,,,,,,,,,
367,,,,,,,,,5602.10.00,,,,,,,,,,
368,,,,,,,,,5602.10.00,,,,,,,,,,
369,,,,,,,,,5602.10.00,,,,,,,,,,
370,,,,,,,,,5602.10.00,,,,,,,,,,
371,,,,,,,,,5602.10.00,,,,,,,,,,
372,,,,,,,,,5602.10.00,,,,,,,,,,
373,,,,,,,,,5602.10.00,,,,,,,,,,
374,,,,,,,,,5602.10.00,,,,,,,,,,
375,,,,,,,,,5602.10.00,,,,,,,,,,
376,,,,,,,,,5602.10.00,,,,,,,,,,
377,,,,,,,,,5602.10.00,,,,,,,,,,
378,,,,,,,,,5602.10.00,,,,,,,,,,
379,,,,,,,,,5602.10.00,,,,,,,,,,
380,,,,,,,,,5602.10.00,,,,,,,,,,
381,,,,,,,,,5602.10.00,,,,,,,,,,
382,,,,,,,,,5602.10.00,,,,,,,,,,
383,,,,,,,,,5602.10.00,,,,,,,,,,
384,,,,,,,,,5602.10.00,,,,,,,,,,
385,,,,,,,,,5602.10.00,,,,,,,,,,
386,,,,,,,,,5602.10.00,,,,,,,,,,
387,,,,,,,,,5602.10.00,,,,,,,,,,
388,,,,,,,,,5602.10.00,,,,,,,,,,
389,,,,,,,,,5602.10.00,,,,,,,,,,
390,,,,,,,,,5602.10.00,,,,,,,,,,
391,,,,,,,,,5602.10.00,,,,,,,,,,
392,,,,,,,,,5602.10.00,,,,,,,,,,
393,,,,,,,,,5602.10.00,,,,,,,,,,
394,,,,,,,,,5602.10.00,,,,,,,,,,
395,,,,,,,,,5602.10.00,,,,,,,,,,
396,,,,,,,,,5602.10.00,,,,,,,,,,
397,,,,,,,,,5602.10.00,,,,,,,,,,
398,,,,,,,,,5602.10.00,,,,,,,,,,
399,,,,,,,,,5602.10.00,,,,,,,,,,
400,,,,,,,,,5602.10.00,,,,,,,,,,
401,,,,,,,,,5602.10.00,,,,,,,,,,
402,,,,,,,,,5602.10.00,,,,,,,,,,
403,,,,,,,,,5602.10.00,,,,,,,,,,
404,,,,,,,,,5602.10.00,,,,,,,,,,
405,,,,,,,,,5602.10.00,,,,,,,,,,
406,,,,,,,,,5602.10.00,,,,,,,,,,
407,,,,,,,,,5602.10.00,,,,,,,,,,
408,,,,,,,,,5602.10.00,,,,,,,,,,
409,,,,,,,,,5602.10.00,,,,,,,,,,
410,,,,,,,,,5602.10.00,,,,,,,,,,
411,,,,,,,,,5602.10.00,,,,,,,,,,
412,,,,,,,,,5602.10.00,,,,,,,,,,
413,,,,,,,,,5602.10.00,,,,,,,,,,
414,,,,,,,,,5602.10.00,,,,,,,,,,
415,,,,,,,,,5602.10.00,,,,,,,,,,
416,,,,,,,,,5602.10.00,,,,,,,,,,
417,,,,,,,,,5602.10.00,,,,,,,,,,
418,,,,,,,,,5602.10.00,,,,,,,,,,
419,,,,,,,,,5602.10.00,,,,,,,,,,
420,,,,,,,,,5602.10.00,,,,,,,,,,
421,,,,,,,,,5602.10.00,,,,,,,,,,
422,,,,,,,,,5602.10.00,,,,,,,,,,
423,,,,,,,,,5602.10.00,,,,,,,,,,
424,,,,,,,,,5602.10.00,,,,,,,,,,
425,,,,,,,,,5602.10.00,,,,,,,,,,
426,,,,,,,,,5602.10.00,,,,,,,,,,
427,,,,,,,,,5602.10.00,,,,,,,,,,
428,,,,,,,,,5602.10.00,,,,,,,,,,
429,,,,,,,,,5602.10.00,,,,,,,,,,
430,,,,,,,,,5602.10.00,,,,,,,,,,
431,,,,,,,,,5602.10.00,,,,,,,,,,
432,,,,,,,,,5602.10.00,,,,,,,,,,
433,,,,,,,,,5602.10.00,,,,,,,,,,
434,,,,,,,,,5602.10.00,,,,,,,,,,
435,,,,,,,,,5602.10.00,,,,,,,,,,
436,,,,,,,,,5602.10.00,,,,,,,,,,
437,,,,,,,,,5602.10.00,,,,,,,,,,
438,,,,,,,,,5602.10.00,,,,,,,,,,
439,,,,,,,,,5602.10.00,,,,,,,,,,
440,,,,,,,,,5602.10.00,,,,,,,,,,
441,,,,,,,,,5602.10.00,,,,,,,,,,
442,,,,,,,,,5602.10.00,,,,,,,,,,
443,,,,,,,,,5602.10.00,,,,,,,,,,
444,,,,,,,,,5602.10.00,,,,,,,,,,
445,,,,,,,,,5602.10.00,,,,,,,,,,
446,,,,,,,,,5602.10.00,,,,,,,,,,
447,,,,,,,,,5602.10.00,,,,,,,,,,
448,,,,,,,,,5602.10.00,,,,,,,,,,
449,,,,,,,,,5602.10.00,,,,,,,,,,
450,,,,,,,,,5602.10.00,,,,,,,,,,
451,,,,,,,,,5602.10.00,,,,,,,,,,
452,,,,,,,,,5602.10.00,,,,,,,,,,
453,,,,,,,,,5602.10.00,,,,,,,,,,
454,,,,,,,,,5602.10.00,,,,,,,,,,
455,,,,,,,,,5602.10.00,,,,,,,,,,
456,,,,,,,,,5602.10.00,,,,,,,,,,
457,,,,,,,,,5602.10.00,,,,,,,,,,
458,,,,,,,,,5602.10.00,,,,,,,,,,
459,,,,,,,,,5602.10.00,,,,,,,,,,
460,,,,,,,,,5602.10.00,,,,,,,,,,
461,,,,,,,,,5602.10.00,,,,,,,,,,
462,,,,,,,,,5602.10.00,,,,,,,,,,
463,,,,,,,,,5602.10.00,,,,,,,,,,
464,,,,,,,,,5602.10.00,,,,,,,,,,
465,,,,,,,,,5602.10.00,,,,,,,,,,
466,,,,,,,,,5602.10.00,,,,,,,,,,
467,,,,,,,,,5602.10.00,,,,,,,,,,
468,,,,,,,,,5602.10.00,,,,,,,,,,
469,,,,,,,,,5602.10.00,,,,,,,,,,
470,,,,,,,,,5602.10.00,,,,,,,,,,
471,,,,,,,,,5602.10.00,,,,,,,,,,
472,,,,,,,,,5602.10.00,,,,,,,,,,
473,,,,,,,,,5602.10.00,,,,,,,,,,
474,,,,,,,,,5602.10.00,,,,,,,,,,
475,,,,,,,,,5602.10.00,,,,,,,,,,
476,,,,,,,,,5602.10.00,,,,,,,,,,
477,,,,,,,,,5602.10.00,,,,,,,,,,
478,,,,,,,,,5602.10.00,,,,,,,,,,
479,,,,,,,,,5602.10.00,,,,,,,,,,
480,,,,,,,,,5602.10.00,,,,,,,,,,
481,,,,,,,,,5602.10.00,,,,,,,,,,
482,,,,,,,,,5602.10.00,,,,,,,,,,
483,,,,,,,,,5602.10.00,,,,,,,,,,
484,,,,,,,,,5602.10.00,,,,,,,,,,
485,,,,,,,,,5602.10.00,,,,,,,,,,
486,,,,,,,,,5602.10.00,,,,,,,,,,
487,,,,,,,,,5602.10.00,,,,,,,,,,
488,,,,,,,,,5602.10.00,,,,,,,,,,
489,,,,,,,,,5602.10.00,,,,,,,,,,
490,,,,,,,,,5602.10.00,,,,,,,,,,
491,,,,,,,,,5602.10.00,,,,,,,,,,
492,,,,,,,,,5602.10.00,,,,,,,,,,
493,,,,,,,,,5602.10.00,,,,,,,,,,
494,,,,,,,,,5602.10.00,,,,,,,,,,
495,,,,,,,,,5602.10.00,,,,,,,,,,
496,,,,,,,,,5602.10.00,,,,,,,,,,
497,,,,,,,,,5602.10.00,,,,,,,,,,
498,,,,,,,,,5602.10.00,,,,,,,,,,
499,,,,,,,,,5602.10.00,,,,,,,,,,
500,,,,,,,,,5602.10.00,,,,,,,,,,